"","session","firstAttempts","firstAttempts_SD","totalAttempts","totalAttempts_sD"
"1",55,0.583333333333333,0.0742903611860349,1.75,0.28625595468201
"2",56,0.578125,0.0802273934456985,1.70963541666667,0.205186039878872
"3",57,0.595052083333333,0.0737280679702702,1.65364583333333,0.163446942264473
