	accuracy	average_RT	average_water_time	ITI	ISI	condition
0	na	0.87199997901916504	1.8919999599456787	0.0	0.0	trialOrders/AB_16_trials/AB_16_trials9.txt
1	na	0.74150002002716064	1.8919999599456787	0.0	0.0	trialOrders/AB_16_trials/AB_16_trials9.txt
2						
3						
4						
5						
6						
7						
8						
9						
10						
11						
12						
13						
14						
15						
